{
    "CommandCenterPath": "./path/to/CommandCenter.exe",
    "LocalReplayDirectory": "../Replays/",
    "UploadResultLocation": "http://127.0.0.1/fileupload9uysm34.php",
    "MaxGameTime": 60480,
	"MatchupGenerator": "File",
    "MatchupListFile": "./matchuplist",
    "ErrorListFile": "./errorlist",
    "BaseBotDirectory": "../Bots/",
    "EnableReplayUpload": "False",
    "ResultsLogFile": "../Results.json",
    "PlayerIdFile": "./playerids",
    "PythonBinary": "python",
    "RealTimeMode": false,
	"Maps": [
		"BlueshiftLE.SC2Map"
	]
}
